{
    "Poisonous Concoction": 38.17,
    "Flame Dash": 30.436666666666653,
    "Lightning Tendrils": 15.77000000000001,
    "Manabond": 14.394999999999996,
    "Decoy Totem": 8.769999999999982,
    "Greater Multiple Projectiles Support": 4.586666666666659,
    "Animate Guardian": 3.1700000000000017,
    "Smite": 1.0427272727272765,
    "Summon Reaper": 0.9366666666666532,
    "Determination": -1.5027272727272702,
    "Additional Accuracy Support": -12.671666666666667,
    "Empower Support": -22.480000000000004,
    "Arctic Armour": -25.320909090909097,
    "Flame Surge": -26.13909090909091,
    "Cast when Damage Taken Support": -29.313333333333333,
    "Precision": -31.16181818181819,
    "Siege Ballista": -32.83000000000001,
    "Portal": -33.230000000000004,
    "Protective Link": -34.230000000000004,
    "Lightning Strike": -35.8209090909091,
    "Exsanguinate": -36.730000000000004,
    "Behead Support": -37.05500000000001,
    "Tornado Shot": -38.64666666666667,
    "Storm Burst": -42.230000000000004,
    "Blood Rage": -42.911818181818184,
    "Arc": -44.4064705882353,
    "Explosive Arrow": -44.730000000000004,
    "Summon Holy Relic": -45.31333333333335,
    "Assassin's Mark": -48.480000000000004,
    "Summon Stone Golem": -48.480000000000004,
    "Shattering Steel": -49.25380952380953,
    "Summon Ice Golem": -49.480000000000004,
    "Blast Rain": -49.730000000000004,
    "Purity of Elements": -50.51571428571429,
    "Kinetic Blast": -52.28909090909091,
    "Lightning Arrow": -52.52285714285715,
    "Cyclone": -52.56333333333333,
    "High-Impact Mine Support": -53.480000000000004,
    "Herald of Agony": -53.56333333333334,
    "Crackling Lance": -53.684545454545464,
    "Increased Critical Strikes Support": -53.81333333333333,
    "Predator Support": -53.980000000000004,
    "Enhance Support": -55.480000000000004,
    "Plague Bearer": -56.50272727272728,
    "Bone Offering": -57.629999999999995,
    "Tempest Shield": -57.88,
    "Unearth": -58.27545454545455,
    "Impale Support": -58.81333333333333,
    "Fireball": -59.16333333333334,
    "Defiance Banner": -60.593636363636364,
    "Glacial Hammer": -60.730000000000004,
    "Leap Slam": -61.3209090909091,
    "Bonechill Support": -61.480000000000004,
    "Stormblast Mine": -62.230000000000004,
    "Animate Weapon": -63.75941176470589,
    "Infernal Cry": -63.980000000000004,
    "Galvanic Arrow": -64.06333333333333,
    "Blade Flurry": -64.89666666666668,
    "Lightning Warp": -65.06333333333333,
    "Searing Bond": -65.43,
    "Flameblast": -66.105,
    "Ignite Proliferation Support": -66.48,
    "Summon Skeletons": -66.56333333333333,
    "Dash": -66.98,
    "Kinetic Bolt": -67.38,
    "Cast when Stunned Support": -67.98,
    "Firestorm": -68.08714285714287,
    "Blood and Sand": -68.23,
    "Herald of Ash": -68.73,
    "Focused Ballista Support": -68.98,
    "Shrapnel Ballista": -70.15,
    "Destructive Link": -70.73,
    "Ancestral Cry": -70.73,
    "Storm Call": -71.00272727272727,
    "Ancestral Warchief": -71.36636363636364,
    "Wrath": -71.43792079207921,
    "Frost Shield": -71.46529411764706,
    "Chain Hook": -71.56333333333333,
    "Detonate Dead": -71.56333333333333,
    "Summon Flame Golem": -71.73,
    "Dark Pact": -71.89666666666668,
    "Tornado": -71.98,
    "Flame Wall": -72.4204761904762,
    "Reap": -73.23,
    "Summon Carrion Golem": -73.23,
    "Boneshatter": -73.64666666666668,
    "Summon Skitterbots": -74.21181818181819,
    "Haste": -74.27761904761905,
    "Rolling Magma": -74.31823529411764,
    "Seismic Cry": -74.45727272727274,
    "Intuitive Link": -74.73,
    "Grace": -74.89666666666668,
    "Sweep": -75.09363636363636,
    "Arcane Cloak": -75.31333333333333,
    "Desecrate": -75.56333333333333,
    "Herald of Purity": -75.56333333333333,
    "Shield Charge": -75.73,
    "Storm Rain": -75.73,
    "Pride": -76.23,
    "Burning Arrow": -76.23,
    "Toxic Rain": -76.31181818181818,
    "Ethereal Knives": -76.56333333333333,
    "Malevolence": -76.92761904761906,
    "Sunder": -77.23,
    "Tectonic Slam": -77.3209090909091,
    "Lancing Steel": -77.39666666666668,
    "Scourge Arrow": -77.59363636363636,
    "Vampiric Link": -77.73,
    "Pyroclast Mine": -77.73,
    "Blight": -78.23,
    "Corrupting Fever": -78.23,
    "Storm Brand": -78.23,
    "Summon Chaos Golem": -78.23,
    "Vigilant Strike": -78.63,
    "Purity of Lightning": -78.68454545454546,
    "Summon Lightning Golem": -78.73,
    "Scorching Ray": -78.73,
    "Blade Vortex": -78.80142857142857,
    "Vengeance": -78.81823529411766,
    "Explosive Trap": -79.06333333333333,
    "Essence Drain": -79.23,
    "Temporal Chains": -79.48,
    "Lightning Spire Trap": -79.48,
    "Venom Gyre": -79.86636363636364,
    "Temporal Rift": -79.98,
    "Archmage Support": -80.12285714285714,
    "Explosive Concoction": -80.23,
    "Spectral Throw": -80.31333333333333,
    "Blazing Salvo": -80.31333333333333,
    "Ambush": -80.37285714285714,
    "Anger": -80.37285714285716,
    "Chance to Flee Support": -80.48,
    "Shock Nova": -80.56333333333333,
    "Herald of Ice": -80.73,
    "Cast while Channelling Support": -80.73,
    "Wave of Conviction": -80.8209090909091,
    "Caustic Arrow": -80.98,
    "Poacher's Mark": -81.48,
    "Purity of Fire": -81.86636363636364,
    "Summon Raging Spirit": -82.34764705882353,
    "Controlled Destruction Support": -82.98,
    "Fire Trap": -83.23,
    "Flamethrower Trap": -83.23,
    "Flame Link": -83.23,
    "General's Cry": -83.39666666666668,
    "Ground Slam": -83.56333333333333,
    "Bane": -83.80142857142857,
    "Shield Crush": -84.06333333333333,
    "Hatred": -84.14666666666668,
    "Absolution": -84.73,
    "Power Siphon": -84.98,
    "Eye of Winter": -84.98,
    "Flammability": -85.23,
    "Sigil of Power": -85.64176470588235,
    "Blink Arrow": -85.77545454545455,
    "Glacial Cascade": -85.81333333333333,
    "Shockwave Totem": -86.00272727272727,
    "Herald of Thunder": -86.14666666666668,
    "Energy Blade": -86.23,
    "Puncture": -86.23,
    "Viper Strike": -86.23,
    "Holy Flame Totem": -86.41181818181819,
    "Spectral Shield Throw": -86.68454545454546,
    "Sniper's Mark": -86.73,
    "Frost Bomb": -86.83,
    "Heavy Strike": -87.48,
    "Arcane Surge Support": -87.98,
    "Lacerate": -87.98,
    "Efficacy Support": -87.98,
    "Chance to Bleed Support": -88.31333333333333,
    "Arcanist Brand": -88.89666666666668,
    "Lightning Trap": -88.95727272727274,
    "Enfeeble": -89.73,
    "Rage Vortex": -90.23,
    "Feeding Frenzy Support": -90.44363636363636,
    "Combustion Support": -90.48,
    "Cluster Traps Support": -90.98,
    "Bloodlust Support": -91.48,
    "Punishment": -91.73,
    "Withering Touch Support": -92.48,
    "Greater Volley Support": -92.73,
    "Chain Support": -92.98,
    "Ensnaring Arrow": -93.73,
    "Earthbreaker Support": -94.64666666666668,
    "Frost Wall": -94.73,
    "Burning Damage Support": -95.98,
    "Conversion Trap": -96.23,
    "Vitality": -96.23,
    "Cold Snap": -96.23,
    "Conductivity": -96.23,
    "Intimidating Cry": -96.23,
    "Dread Banner": -96.23,
    "Contagion": -96.23,
    "Devouring Totem": -96.23,
    "Convocation": -96.23,
    "Cremation": -96.23,
    "Bodyswap": -96.23,
    "Double Strike": -96.23,
    "Detonate Mines": -96.23,
    "Dominating Blow": -96.23,
    "Volatile Dead": -96.23,
    "Discharge": -96.23,
    "Discipline": -96.23,
    "Divine Ire": -96.23,
    "Void Sphere": -96.23,
    "Withering Step": -96.23,
    "Voltaxic Burst": -96.23,
    "Despair": -96.23,
    "Creeping Frost": -96.23,
    "Armageddon Brand": -96.23,
    "Artillery Ballista": -96.23,
    "Ball Lightning": -96.23,
    "Barrage": -96.23,
    "Battlemage's Cry": -96.23,
    "Bear Trap": -96.23,
    "Berserk": -96.23,
    "Blade Blast": -96.23,
    "Bladefall": -96.23,
    "Bladestorm": -96.23,
    "Blade Trap": -96.23,
    "Charged Dash": -96.23,
    "Clarity": -96.23,
    "Cleave": -96.23,
    "Cobra Lash": -96.23,