{
    "Enlighten Support": 509.45,
    "Hexblast": 231.89333333333332,
    "Cast when Damage Taken Support": 76.61666666666666,
    "Purity of Elements": 74.6552380952381,
    "Animate Guardian": 68.70999999999998,
    "Greater Multiple Projectiles Support": 67.38333333333337,
    "Determination": 46.58727272727273,
    "Precision": 43.07363636363637,
    "Unearth": 38.991818181818175,
    "Ice Spear": 31.44235294117648,
    "Blood Rage": 30.16000000000001,
    "Tempest Shield": 28.787272727272722,
    "Cyclone": 26.89333333333333,
    "Defiance Banner": 24.155454545454546,
    "Poisonous Concoction": 23.784999999999997,
    "Ancestral Protector": 23.10545454545455,
    "Spark": 21.076666666666668,
    "Plague Bearer": 19.696363636363643,
    "Bone Offering": 18.49000000000001,
    "Smite": 17.332727272727283,
    "Herald of Agony": 15.559999999999988,
    "Tornado Shot": 6.159999999999997,
    "Blood and Sand": 4.060000000000002,
    "Lightning Strike": -2.4854545454545445,
    "Summon Skeletons": -3.5733333333333377,
    "Venom Gyre": -5.912727272727274,
    "Ball Lightning": -7.198333333333338,
    "Cremation": -7.533749999999998,
    "Kinetic Blast": -9.744545454545452,
    "Vitality": -9.894545454545451,
    "Corrupting Fever": -10.189999999999998,
    "Wrath": -10.737029702970297,
    "Assassin's Mark": -10.939999999999998,
    "Withering Step": -11.93999999999999,
    "Summon Skitterbots": -15.849090909090904,
    "Additional Accuracy Support": -23.408333333333346,
    "Zealotry": -24.60666666666667,
    "Flicker Strike": -29.939999999999998,
    "Leap Slam": -36.349090909090904,
    "Frostblink": -36.94,
    "Discipline": -37.44,
    "Molten Shell": -37.44,
    "Summon Stone Golem": -38.19,
    "Purifying Flame": -39.79714285714286,
    "Malevolence": -39.96380952380952,
    "Lightning Arrow": -40.00904761904762,
    "Righteous Fire": -40.69,
    "Raise Spectre": -41.94,
    "Flesh Offering": -42.35666666666666,
    "Hatred": -43.19,
    "Convocation": -43.60666666666667,
    "Desecrate": -44.10666666666667,
    "Spirit Offering": -44.44,
    "Clarity": -44.69,
    "Flame Surge": -44.71272727272727,
    "Summon Holy Relic": -45.77333333333333,
    "Grace": -46.19,
    "Siege Ballista": -46.60666666666667,
    "Flesh and Stone": -46.94,
    "Summon Ice Golem": -46.94,
    "Herald of Purity": -47.27333333333333,
    "Winter Orb": -47.27333333333333,
    "Crackling Lance": -47.849090909090904,
    "Sigil of Power": -47.88117647058823,
    "Frost Shield": -47.96941176470588,
    "Haste": -48.24952380952381,
    "Frenzy": -48.55764705882353,
    "Dash": -48.60666666666667,
    "War Banner": -49.25818181818182,
    "Herald of Ice": -49.44,
    "Enduring Cry": -49.44,
    "Pride": -49.77333333333333,
    "Herald of Ash": -49.94,
    "Frostbolt": -49.97846153846153,
    "Seismic Trap": -50.10666666666667,
    "Reave": -50.209230769230764,
    "Summon Lightning Golem": -50.44,
    "Exsanguinate": -50.44,
    "Blazing Salvo": -50.52333333333333,
    "Summon Carrion Golem": -50.69,
    "Wave of Conviction": -50.75818181818182,
    "Volatile Dead": -51.10666666666667,
    "Vengeance": -51.26352941176471,
    "Forbidden Rite": -51.44,
    "Bear Trap": -51.57636363636364,
    "Flame Wall": -51.58285714285714,
    "Flame Dash": -51.77333333333333,
    "Frost Bomb": -51.839999999999996,
    "Icicle Mine": -51.94,
    "Devouring Totem": -51.94,
    "Reap": -51.94,
    "Static Strike": -52.11741935483871,
    "Infernal Blow": -52.39454545454545,
    "Power Siphon": -52.44,
    "Purity of Ice": -52.62181818181818,
    "Dread Banner": -52.62181818181818,
    "Toxic Rain": -52.62181818181818,
    "Vortex": -52.839999999999996,
    "Lightning Warp": -53.10666666666667,
    "Consecrated Path": -53.19,
    "Flammability": -53.44,
    "Raise Zombie": -53.48761904761905,
    "Animate Weapon": -53.55764705882353,
    "Divine Ire": -53.60666666666667,
    "Storm Burst": -53.60666666666667,
    "Ice Nova": -53.60666666666667,
    "Arctic Armour": -53.667272727272724,
    "Summon Chaos Golem": -53.69,
    "Ice Trap": -53.69,
    "Storm Call": -53.75818181818182,
    "Shrapnel Ballista": -53.76,
    "Reckoning": -53.851764705882346,
    "Lancing Steel": -53.94,
    "Decoy Totem": -53.96380952380952,
    "Immortal Call": -53.985454545454544,
    "Herald of Thunder": -54.023333333333326,
    "Whirling Blades": -54.02333333333333,
    "Bodyswap": -54.03090909090909,
    "Flameblast": -54.1275,
    "Despair": -54.19,
    "Void Sphere": -54.32235294117647,
    "Detonate Dead": -54.44,
    "Chain Hook": -54.44,
    "Steelskin": -54.44,
    "Portal": -54.44,
    "Fireball": -54.44,
    "Creeping Frost": -54.44,
    "Dark Pact": -54.44,
    "Frostbite": -54.44,
    "Infernal Cry": -54.44,
    "Sweep": -54.53090909090909,
    "Ancestral Warchief": -54.667272727272724,
    "Mirror Arrow": -54.667272727272724,
    "Discharge": -54.68,
    "Hydrosphere": -54.69,
    "Manabond": -54.69,
    "Tornado": -54.69,
    "Punishment": -54.69,
    "Rolling Magma": -54.734117647058824,
    "Wild Strike": -54.77333333333333,
    "Phase Run": -54.77333333333333,
    "Bladestorm": -54.80363636363636,
    "Lightning Tendrils": -54.839999999999996,
    "Split Arrow": -54.85666666666666,
    "Scourge Arrow": -54.89454545454545,
    "Blade Trap": -54.94,
    "Summon Reaper": -54.94,
    "Petrified Blood": -54.94,
    "Shield Crush": -54.94,
    "Brand Recall": -54.94,
    "Temporal Rift": -54.94,
    "Anger": -55.03523809523809,
    "Searing Bond": -55.04,
    "Tectonic Slam": -55.07636363636364,
    "Shockwave Totem": -55.12181818181818,
    "Eye of Winter": -55.19,
    "Storm Rain": -55.19,
    "Elemental Weakness": -55.19,
    "Sniper's Mark": -55.19,
    "Smoke Mine": -55.273333333333326,
    "Explosive Arrow": -55.273333333333326,
    "Ensnaring Arrow": -55.273333333333326,
    "Arcanist Brand": -55.27333333333333,
    "Ethereal Knives": -55.27333333333333,
    "Boneshatter": -55.35666666666666,
    "Blade Vortex": -55.41619047619047,
    "Battlemage's Cry": -55.44,
    "Blast Rain": -55.44,
    "Poacher's Mark": -55.44,
    "Temporal Chains": -55.44,
    "Enfeeble": -55.44,
    "Earthquake": -55.53756097560976,
    "Empower Support": -55.55,
    "Soulrend": -55.57636363636364,
    "Molten Strike": -55.57636363636364,
    "Pyroclast Mine": -55.60666666666666,
    "Earthshatter": -55.62181818181818,
    "Vigilant Strike": -55.64,
    "Shield Charge": -55.69,
    "Lacerate": -55.69,
    "Warlord's Mark": -55.69,
    "Glacial Cascade": -55.69,
    "Sunder": -55.739999999999995,
    "Dual Strike": -55.75818181818182,
    "Stormblast Mine": -55.77333333333333,
    "Berserk": -55.85666666666666,
    "Freezing Pulse": -55.86857142857143,
    "Perforate": -55.86857142857143,
    "Cleave": -55.89833333333333,
    "Detonate Mines": -55.94,
    "Energy Blade": -55.94,
    "Intimidating Cry": -55.94,
    "Conductivity": -55.94,
    "Rallying Cry": -56.0025,
    "Lightning Spire Trap": -56.19,
    "Voltaxic Burst": -56.19,
    "Blink Arrow": -56.30363636363636,
    "Ancestral Cry": -56.44,
    "Wintertide Brand": -56.44,
    "Flamethrower Trap": -56.44,
    "Rejuvenation Totem": -56.44,
    "Stormbind": -56.44,
    "Shock Nova": -56.44,
    "Vulnerability": -56.44,
    "Conversion Trap": -56.44,
    "Spectral Shield Throw": -56.485454545454544,
    "Rain of Arrows": -56.498823529411766,
    "Fire Trap": -56.52333333333333,
    "Summon Raging Spirit": -56.55764705882353,
    "Glacial Hammer": -56.69,
    "Summon Flame Golem": -56.69,
    "Viper Strike": -56.82095238095238,
    "Destructive Link": -56.94,
    "Arcane Cloak": -56.94,
    "Cold Snap": -56.94,
    "Cobra Lash": -56.94,
    "Arrogance Support": -57.05,
    "Firestorm": -57.08285714285714,
    "Spectral Throw": -57.10666666666666,
    "Lightning Trap": -57.167272727272724,
    "Barrage": -57.167272727272724,
    "Holy Flame Totem": -57.167272727272724,
    "Penance Brand": -57.19,
    "Ground Slam": -57.27333333333333,
    "Absolution": -57.44,