{
    "Poisonous Concoction": 45.13000000000001,
    "Flame Dash": 37.39666666666666,
    "Lightning Tendrils": 22.730000000000018,
    "Manabond": 21.355000000000004,
    "Decoy Totem": 15.72999999999999,
    "Animate Guardian": 10.13000000000001,
    "Smite": 8.002727272727284,
    "Summon Reaper": 7.896666666666661,
    "Determination": 5.457272727272738,
    "Greater Multiple Projectiles Support": 3.106666666666669,
    "Additional Accuracy Support": -14.151666666666657,
    "Arctic Armour": -18.36090909090909,
    "Flame Surge": -19.179090909090903,
    "Empower Support": -23.959999999999994,
    "Precision": -24.201818181818183,
    "Siege Ballista": -25.870000000000005,
    "Portal": -26.269999999999996,
    "Protective Link": -27.269999999999996,
    "Lightning Strike": -28.86090909090909,
    "Exsanguinate": -29.769999999999996,
    "Cast when Damage Taken Support": -30.793333333333322,
    "Tornado Shot": -31.68666666666666,
    "Storm Burst": -35.269999999999996,
    "Blood Rage": -35.951818181818176,
    "Arc": -37.44647058823529,
    "Explosive Arrow": -37.769999999999996,
    "Summon Holy Relic": -38.35333333333334,
    "Behead Support": -38.535,
    "Summon Stone Golem": -41.519999999999996,
    "Assassin's Mark": -41.519999999999996,
    "Shattering Steel": -42.29380952380952,
    "Summon Ice Golem": -42.519999999999996,
    "Blast Rain": -42.769999999999996,
    "Purity of Elements": -43.55571428571428,
    "Kinetic Blast": -45.3290909090909,
    "Lightning Arrow": -45.56285714285714,
    "Cyclone": -45.603333333333325,
    "Herald of Agony": -46.60333333333333,
    "Crackling Lance": -46.724545454545456,
    "Plague Bearer": -49.54272727272727,
    "Bone Offering": -50.66999999999999,
    "Tempest Shield": -50.919999999999995,
    "Unearth": -51.31545454545454,
    "Fireball": -52.20333333333333,
    "Defiance Banner": -53.633636363636356,
    "Glacial Hammer": -53.769999999999996,
    "Leap Slam": -54.36090909090909,
    "High-Impact Mine Support": -54.959999999999994,
    "Stormblast Mine": -55.269999999999996,
    "Increased Critical Strikes Support": -55.29333333333332,
    "Predator Support": -55.459999999999994,
    "Animate Weapon": -56.79941176470588,
    "Enhance Support": -56.959999999999994,
    "Infernal Cry": -57.019999999999996,
    "Galvanic Arrow": -57.103333333333325,
    "Blade Flurry": -57.93666666666667,
    "Lightning Warp": -58.10333333333333,
    "Searing Bond": -58.47,
    "Flameblast": -59.144999999999996,
    "Summon Skeletons": -59.60333333333333,
    "Dash": -60.019999999999996,
    "Impale Support": -60.29333333333332,
    "Kinetic Bolt": -60.419999999999995,
    "Firestorm": -61.12714285714286,
    "Blood and Sand": -61.269999999999996,
    "Herald of Ash": -61.769999999999996,
    "Bonechill Support": -62.959999999999994,
    "Shrapnel Ballista": -63.19,
    "Ancestral Cry": -63.769999999999996,
    "Destructive Link": -63.769999999999996,
    "Storm Call": -64.04272727272726,
    "Ancestral Warchief": -64.40636363636364,
    "Wrath": -64.4779207920792,
    "Frost Shield": -64.50529411764705,
    "Detonate Dead": -64.60333333333332,
    "Chain Hook": -64.60333333333332,
    "Summon Flame Golem": -64.77,
    "Dark Pact": -64.93666666666667,
    "Tornado": -65.02,
    "Flame Wall": -65.46047619047619,
    "Summon Carrion Golem": -66.27,
    "Reap": -66.27,
    "Boneshatter": -66.68666666666667,
    "Summon Skitterbots": -67.25181818181818,
    "Haste": -67.31761904761905,
    "Rolling Magma": -67.35823529411763,
    "Seismic Cry": -67.49727272727273,
    "Intuitive Link": -67.77,
    "Grace": -67.93666666666667,
    "Ignite Proliferation Support": -67.96,
    "Sweep": -68.13363636363636,
    "Arcane Cloak": -68.35333333333332,
    "Herald of Purity": -68.60333333333332,
    "Desecrate": -68.60333333333332,
    "Shield Charge": -68.77,
    "Storm Rain": -68.77,
    "Pride": -69.27,
    "Burning Arrow": -69.27,
    "Toxic Rain": -69.35181818181817,
    "Cast when Stunned Support": -69.46,
    "Ethereal Knives": -69.60333333333332,
    "Malevolence": -69.96761904761905,
    "Sunder": -70.27,
    "Tectonic Slam": -70.36090909090909,
    "Lancing Steel": -70.43666666666667,
    "Focused Ballista Support": -70.46,
    "Scourge Arrow": -70.63363636363636,
    "Pyroclast Mine": -70.77,
    "Vampiric Link": -70.77,
    "Summon Chaos Golem": -71.27,
    "Corrupting Fever": -71.27,
    "Storm Brand": -71.27,
    "Blight": -71.27,
    "Vigilant Strike": -71.66999999999999,
    "Purity of Lightning": -71.72454545454545,
    "Scorching Ray": -71.77,
    "Summon Lightning Golem": -71.77,
    "Blade Vortex": -71.84142857142857,
    "Vengeance": -71.85823529411765,
    "Explosive Trap": -72.10333333333332,
    "Essence Drain": -72.27,
    "Lightning Spire Trap": -72.52,
    "Temporal Chains": -72.52,
    "Venom Gyre": -72.90636363636364,
    "Temporal Rift": -73.02,
    "Explosive Concoction": -73.27,
    "Spectral Throw": -73.35333333333332,
    "Blazing Salvo": -73.35333333333332,
    "Ambush": -73.41285714285713,
    "Anger": -73.41285714285715,
    "Shock Nova": -73.60333333333332,
    "Herald of Ice": -73.77,
    "Wave of Conviction": -73.86090909090909,
    "Caustic Arrow": -74.02,
    "Poacher's Mark": -74.52,
    "Purity of Fire": -74.90636363636364,
    "Summon Raging Spirit": -75.38764705882352,
    "Fire Trap": -76.27,
    "Flame Link": -76.27,
    "Flamethrower Trap": -76.27,
    "General's Cry": -76.43666666666667,
    "Ground Slam": -76.60333333333332,
    "Bane": -76.84142857142857,
    "Shield Crush": -77.10333333333332,
    "Hatred": -77.18666666666667,
    "Absolution": -77.77,
    "Eye of Winter": -78.02,
    "Power Siphon": -78.02,
    "Flammability": -78.27,
    "Sigil of Power": -78.68176470588234,
    "Blink Arrow": -78.81545454545454,
    "Glacial Cascade": -78.85333333333332,
    "Shockwave Totem": -79.04272727272726,
    "Herald of Thunder": -79.18666666666667,
    "Energy Blade": -79.27,
    "Viper Strike": -79.27,
    "Puncture": -79.27,
    "Holy Flame Totem": -79.45181818181818,
    "Spectral Shield Throw": -79.72454545454545,
    "Sniper's Mark": -79.77,
    "Frost Bomb": -79.86999999999999,
    "Heavy Strike": -80.52,
    "Lacerate": -81.02,
    "Archmage Support": -81.60285714285713,
    "Arcanist Brand": -81.93666666666667,
    "Chance to Flee Support": -81.96,
    "Lightning Trap": -81.99727272727273,
    "Cast while Channelling Support": -82.21,
    "Enfeeble": -82.77,
    "Rage Vortex": -83.27,
    "Controlled Destruction Support": -84.46,
    "Punishment": -84.77,
    "Ensnaring Arrow": -86.77,
    "Frost Wall": -87.77,
    "Dual Strike": -89.27,
    "Devouring Totem": -89.27,
    "Conversion Trap": -89.27,
    "Ball Lightning": -89.27,
    "Convocation": -89.27,
    "Cremation": -89.27,
    "Bodyswap": -89.27,
    "Artillery Ballista": -89.27,
    "Armageddon Brand": -89.27,
    "Creeping Frost": -89.27,
    "Detonate Mines": -89.27,
    "Discharge": -89.27,
    "Dread Banner": -89.27,
    "Elemental Weakness": -89.27,
    "Discipline": -89.27,
    "Divine Ire": -89.27,
    "Consecrated Path": -89.27,
    "Dominating Blow": -89.27,
    "Elemental Hit": -89.27,
    "Earthshatter": -89.27,
    "Earthquake": -89.27,
    "Double Strike": -89.27,
    "Contagion": -89.27,
    "Cobra Lash": -89.27,
    "Conductivity": -89.27,
    "Intimidating Cry": -89.27,
    "Blade Trap": -89.27,
    "Bladefall": -89.27,
    "Charged Dash": -89.27,
    "Withering Step": -89.27,
    "Wither": -89.27,
    "Wintertide Brand": -89.27,
    "Winter Orb": -89.27,
    "Blade Blast": -89.27,
    "Berserk": -89.27,
    "Bear Trap": -89.27,
    "Battlemage's Cry": -89.27,
    "Wild Strike": -89.27,
    "Whirling Blades": -89.27,
    "Warlord's Mark": -89.27,
    "War Banner": -89.27,
    "Enduring Cry": -89.27,
    "Voltaxic Burst": -89.27,
    "Volatile Dead": -89.27,
    "Void Sphere": -89.27,
    "Vitality": -89.27,
    "Barrage": -89.27,
    "Clarity": -89.27,
    "Cleave": -89.27,
    "Bladestorm": -89.27,