{
    "Poisonous Concoction": 36.77000000000001,
    "Flame Dash": 29.03666666666666,
    "Lightning Tendrils": 14.370000000000019,
    "Manabond": 12.995000000000005,
    "Decoy Totem": 7.36999999999999,
    "Animate Guardian": 1.7700000000000102,
    "Smite": -0.357272727272715,
    "Summon Reaper": -0.46333333333333826,
    "Determination": -2.9027272727272617,
    "Arctic Armour": -26.72090909090909,
    "Flame Surge": -27.539090909090902,
    "Precision": -32.56181818181818,
    "Siege Ballista": -34.230000000000004,
    "Portal": -34.629999999999995,
    "Protective Link": -35.629999999999995,
    "Lightning Strike": -37.22090909090909,
    "Exsanguinate": -38.129999999999995,
    "Tornado Shot": -40.04666666666666,
    "Multistrike Support": -40.866666666666674,
    "Storm Burst": -43.629999999999995,
    "Blood Rage": -44.311818181818175,
    "Arc": -45.80647058823529,
    "Explosive Arrow": -46.129999999999995,
    "Summon Holy Relic": -46.71333333333334,
    "Assassin's Mark": -49.879999999999995,
    "Summon Stone Golem": -49.879999999999995,
    "Shattering Steel": -50.65380952380952,
    "Summon Ice Golem": -50.879999999999995,
    "Blast Rain": -51.129999999999995,
    "Purity of Elements": -51.91571428571428,
    "Kinetic Blast": -53.6890909090909,
    "Lightning Arrow": -53.92285714285714,
    "Cyclone": -53.963333333333324,
    "Herald of Agony": -54.96333333333333,
    "Crackling Lance": -55.084545454545456,
    "Greater Multiple Projectiles Support": -57.133333333333326,
    "Plague Bearer": -57.90272727272727,
    "Bone Offering": -59.02999999999999,
    "Tempest Shield": -59.279999999999994,
    "Unearth": -59.67545454545454,
    "Fireball": -60.56333333333333,
    "Melee Splash Support": -61.06666666666668,
    "Defiance Banner": -61.993636363636355,
    "Glacial Hammer": -62.129999999999995,
    "Leap Slam": -62.72090909090909,
    "Inspiration Support": -63.599999999999994,
    "Stormblast Mine": -63.629999999999995,
    "Animate Weapon": -65.15941176470588,
    "Infernal Cry": -65.38,
    "Galvanic Arrow": -65.46333333333332,
    "Blade Flurry": -66.29666666666667,
    "Lightning Warp": -66.46333333333334,
    "Searing Bond": -66.83,
    "Flameblast": -67.505,
    "Summon Skeletons": -67.96333333333334,
    "Dash": -68.38,
    "Kinetic Bolt": -68.78,
    "Firestorm": -69.48714285714286,
    "Blood and Sand": -69.63,
    "Herald of Ash": -70.13,
    "Shrapnel Ballista": -71.55,
    "Ancestral Cry": -72.13,
    "Destructive Link": -72.13,
    "Storm Call": -72.40272727272728,
    "Ancestral Warchief": -72.76636363636364,
    "Wrath": -72.8379207920792,
    "Frost Shield": -72.86529411764705,
    "Detonate Dead": -72.96333333333334,
    "Chain Hook": -72.96333333333334,
    "Summon Flame Golem": -73.13,
    "Dark Pact": -73.29666666666667,
    "Tornado": -73.38,
    "Flame Wall": -73.82047619047619,
    "Additional Accuracy Support": -74.39166666666665,
    "Reap": -74.63,
    "Summon Carrion Golem": -74.63,
    "Boneshatter": -75.04666666666667,
    "Summon Skitterbots": -75.61181818181818,
    "Haste": -75.67761904761905,
    "Rolling Magma": -75.71823529411765,
    "Seismic Cry": -75.85727272727271,
    "Intuitive Link": -76.13,
    "Grace": -76.29666666666665,
    "Sweep": -76.49363636363636,
    "Arcane Cloak": -76.71333333333332,
    "Herald of Purity": -76.96333333333334,
    "Desecrate": -76.96333333333334,
    "Storm Rain": -77.13,
    "Shield Charge": -77.13,
    "Pride": -77.63,
    "Burning Arrow": -77.63,
    "Toxic Rain": -77.71181818181817,
    "Ethereal Knives": -77.96333333333332,
    "Malevolence": -78.32761904761904,
    "Sunder": -78.63,
    "Tectonic Slam": -78.72090909090909,
    "Lancing Steel": -78.79666666666667,
    "Scourge Arrow": -78.99363636363636,
    "Pyroclast Mine": -79.13,
    "Vampiric Link": -79.13,
    "Corrupting Fever": -79.63,
    "Storm Brand": -79.63,
    "Blight": -79.63,
    "Summon Chaos Golem": -79.63,
    "Vigilant Strike": -80.03,
    "Purity of Lightning": -80.08454545454545,
    "Summon Lightning Golem": -80.13,
    "Scorching Ray": -80.13,
    "Meat Shield Support": -80.15833333333333,
    "Blade Vortex": -80.20142857142856,
    "Vengeance": -80.21823529411765,
    "Explosive Trap": -80.46333333333332,
    "Essence Drain": -80.63,
    "Lightning Spire Trap": -80.88,
    "Temporal Chains": -80.88,
    "Venom Gyre": -81.26636363636364,
    "Temporal Rift": -81.38,
    "Explosive Concoction": -81.63,
    "Blazing Salvo": -81.71333333333334,
    "Spectral Throw": -81.71333333333334,
    "Anger": -81.77285714285713,
    "Ambush": -81.77285714285713,
    "Shock Nova": -81.96333333333334,
    "Herald of Ice": -82.13,
    "Wave of Conviction": -82.22090909090909,
    "Caustic Arrow": -82.38,
    "Poacher's Mark": -82.88,
    "Purity of Fire": -83.26636363636364,
    "Advanced Traps Support": -83.44999999999999,
    "Summon Raging Spirit": -83.74764705882353,
    "Empower Support": -84.19999999999999,
    "Fire Trap": -84.63,
    "Flame Link": -84.63,
    "Flamethrower Trap": -84.63,
    "Pulverise Support": -84.7,
    "General's Cry": -84.79666666666667,
    "Ground Slam": -84.96333333333334,
    "Bane": -85.20142857142856,
    "Shield Crush": -85.46333333333332,
    "Hatred": -85.54666666666667,
    "Absolution": -86.13,
    "Eye of Winter": -86.38,
    "Power Siphon": -86.38,
    "Flammability": -86.63,
    "Sigil of Power": -87.04176470588234,
    "Blink Arrow": -87.17545454545454,
    "Glacial Cascade": -87.21333333333332,
    "Shockwave Totem": -87.40272727272728,
    "Herald of Thunder": -87.54666666666667,
    "Puncture": -87.63,
    "Viper Strike": -87.63,
    "Energy Blade": -87.63,
    "Holy Flame Totem": -87.81181818181818,
    "Spectral Shield Throw": -88.08454545454545,
    "Sniper's Mark": -88.13,
    "Frost Bomb": -88.22999999999999,
    "Heavy Strike": -88.88,
    "Lacerate": -89.38,
    "Arcanist Brand": -90.29666666666667,
    "Lightning Trap": -90.35727272727271,
    "Cast when Damage Taken Support": -91.03333333333332,
    "Enfeeble": -91.13,
    "Rage Vortex": -91.63,
    "Punishment": -93.13,
    "Ensnaring Arrow": -95.13,
    "Frost Wall": -96.13,
    "Cobra Lash": -97.63,
    "Devouring Totem": -97.63,
    "Purity of Ice": -97.63,
    "Cold Snap": -97.63,
    "Elemental Weakness": -97.63,
    "Discharge": -97.63,
    "Conductivity": -97.63,
    "Consecrated Path": -97.63,
    "Contagion": -97.63,
    "Elemental Hit": -97.63,
    "Conversion Trap": -97.63,
    "Dominating Blow": -97.63,
    "Dread Banner": -97.63,
    "Convocation": -97.63,
    "Earthshatter": -97.63,
    "Cremation": -97.63,
    "Bodyswap": -97.63,
    "Double Strike": -97.63,
    "Earthquake": -97.63,
    "Detonate Mines": -97.63,
    "Dual Strike": -97.63,
    "Divine Ire": -97.63,
    "Intimidating Cry": -97.63,
    "Cleave": -97.63,
    "Winter Orb": -97.63,
    "Battlemage's Cry": -97.63,
    "Barrage": -97.63,
    "Ball Lightning": -97.63,
    "Artillery Ballista": -97.63,
    "Armageddon Brand": -97.63,
    "Creeping Frost": -97.63,
    "Infernal Blow": -97.63,
    "Bear Trap": -97.63,
    "Berserk": -97.63,
    "Blade Blast": -97.63,
    "Withering Step": -97.63,
    "Wither": -97.63,
    "Wintertide Brand": -97.63,
    "Wild Strike": -97.63,
    "Clarity": -97.63,
    "Whirling Blades": -97.63,
    "Warlord's Mark": -97.63,
    "War Banner": -97.63,
    "Despair": -97.63,
    "Voltaxic Burst": -97.63,
    "Volatile Dead": -97.63,
    "Void Sphere": -97.63,
    "Vitality": -97.63,
    "Bladefall": -97.63,
    "Steelskin": -97.63,
    "Bladestorm": -97.63,
    "Blade Trap": -97.63,
    "Charged Dash": -97.63,
    "Stormbind": -97.63,
    "Discipline": -97.63,
    "Static Strike": -97.63,
    "Molten Shell": -97.63,
    "Frost Blades": -97.63,
    "Frostblink": -97.63,
    "Frostbolt": -97.63,
    "Vortex": -97.63,
    "Seismic Trap": -97.63,
    "Phase Run": -97.63,
    "Petrified Blood": -97.63,
    "Pestilent Strike": -97.63,
    "Perforate": -97.63,
    "Penance Brand": -97.63,